B02,B03,B04,B08,B11,NDVI,NDWI,Longitude,Latitude,Kelas,Target
0.031236203565420874,0.08847923138822793,0.021885751141204054,0.6270664714916634,0.1770437975385145,0.9325490640067727,-0.7526933433356069,117.62452475727004,4.097058229798944,Sawah,1
0.04852142919229749,0.07875664116805572,0.05818462467582683,0.4598904726667431,0.11009679579940587,0.7753800070133217,-0.7075748001515876,117.6247548572782,4.097138527531877,Sawah,1
0.041959818254342154,0.08697494707820945,0.0388613588645796,0.4362237180228058,0.11939544569135366,0.8364007671233379,-0.6675248365787202,117.62514674887747,4.097331465942085,Sawah,1
0.037959754525911105,0.08474136752138244,0.05051424146988216,0.5223631900693908,0.20782650262324953,0.8236458603122705,-0.7208331682626312,117.62492924549537,4.097106471486212,Sawah,1
0.0246805592132731,0.06989499894055426,0.07445398843556558,0.6464126135276502,0.1727714871591508,0.7934308929051722,-0.804845292311331,117.62460063350971,4.096711644454849,Sawah,1
0.02467983561008608,0.08609371175115584,0.0349575337489325,0.46051381787787515,0.10110364619399556,0.8588900727390615,-0.6849876755140072,117.62490668810851,4.096750847621402,Sawah,1
0.021742508365045984,0.044424625102595976,0.04462297538213778,0.5680338868514696,0.11217658514392385,0.8543282372335809,-0.8549287773787475,117.6252213422274,4.096894940695483,Sawah,1
0.04598528437324806,0.04979914312095726,0.06533306831258293,0.5904049038321795,0.1796202122929667,0.8007330017342336,-0.8444259589706027,117.62542379790715,4.097315137617608,Sawah,1
0.038033450352296265,0.0422613644455269,0.03372788992949735,0.45940938599809994,0.10060739006154625,0.8632091988152657,-0.8315158690591811,117.62554055449411,4.096637998584007,Sawah,1
0.04124217733388137,0.05626651653816322,0.02461879458972758,0.5820540871529649,0.11929696617009984,0.9188384556163591,-0.8237032360716097,117.62528922469309,4.096445464701849,Sawah,1
0.020617534828874073,0.0594338644844741,0.03738508717482608,0.4919457831798133,0.16584805472399033,0.8587442424361161,-0.7844162114276408,117.62495416065929,4.09642616721038,Sawah,1
0.04909729556485983,0.053567451588694796,0.029673277235240263,0.5580764576483949,0.1830274237231232,0.8990259799807304,-0.8248397042803459,117.62464844095766,4.096416376537063,Sawah,1
0.044973279224012654,0.08143687545759647,0.07578185914055438,0.5583824276902237,0.17823535114031208,0.7610012382756728,-0.7454367263528938,117.62505405181699,4.0978486178380304,Sawah,1
0.026370173320348286,0.05783766633467946,0.06848722277386501,0.5339436710186897,0.12691231713526718,0.7726291603098673,-0.8045289198952799,117.62530255270619,4.097945642854671,Sawah,1
0.02545474901621302,0.054046725484369035,0.058004225390625413,0.4225724425136021,0.1854615065617043,0.7586041580184916,-0.7732063008940945,117.62560687517504,4.097907527777579,Sawah,1
0.025502135295603016,0.06713480415791243,0.07228763541126305,0.6088256238973095,0.12846989049961602,0.7877356569082968,-0.8013635057519055,117.62599050400749,4.097612544880732,Sawah,1
0.029127267288786132,0.04704621124873813,0.06822032461394686,0.480195016242934,0.13904796377911213,0.751207907089879,-0.8215366342238539,117.62601058811327,4.0972428869049144,Sawah,1
0.035742692948967134,0.08010984903770199,0.03119420353316215,0.4466296275999636,0.1895789686141629,0.8694303790818646,-0.6958261132728238,117.62605142798878,4.096682185244137,Sawah,1
0.03295835055926347,0.04372753218398854,0.07355353990939867,0.410193785388691,0.17795594788566577,0.6958995574234844,-0.8073325302980413,117.62642848075478,4.096581144730582,Sawah,1
0.02873687420594126,0.08934434683002586,0.052360534514939036,0.5477232357970605,0.20190680925930135,0.8254878740291469,-0.719512626218064,117.62641830551443,4.096848459960036,Sawah,1
0.03835558684167138,0.07861223846483287,0.06844640930984375,0.5693910904605706,0.1789135470760412,0.785378557943803,-0.7573697120351102,117.6263471677347,4.097438577976523,Sawah,1
0.024184815819561258,0.04993578407670862,0.0737654779954096,0.40414695723196403,0.1681970324002566,0.6912998356687149,-0.7800569386924452,117.62641065127923,4.097075030470362,Sawah,1
0.028764339456056547,0.04027610585618012,0.03908020849831183,0.5280232645748203,0.1112409721393711,0.8621745715157774,-0.858255922565617,117.6260097592126,4.097936099470026,Sawah,1
0.03099085529881075,0.0807730714227417,0.026603115471660607,0.4566239437994845,0.14412589636713202,0.8898920914824899,-0.6993901386504375,117.6263835302834,4.097969374788878,Sawah,1
0.03368209952651108,0.07534286719238086,0.0336761097525165,0.5612931976023625,0.13182428412180705,0.8867956624516741,-0.7633082603612715,117.62600340933093,4.09835714817751,Sawah,1
0.04355527884179041,0.07645035840204936,0.04562646731757538,0.4435916072512479,0.12927875720549004,0.8134702030668407,-0.7059825304780001,117.62642203891998,4.09837776743019,Sawah,1
0.02599021346475079,0.07856351733429728,0.06908088595534959,0.5727344345256165,0.2167612665702935,0.7847316007683283,-0.7587466796624127,117.62645940342631,4.098708664226722,Sawah,1
0.035427033152408346,0.04370223258670452,0.0716438349953806,0.4966838365751344,0.14717172696001124,0.7478771049948993,-0.8382539661635904,117.62322671565958,4.096136353456685,Sawah,1
0.03777243706586128,0.05792328642721363,0.020417127831871443,0.6341824971841836,0.2070455866212536,0.9376180619095171,-0.8326160419206738,117.62340965625752,4.096060139896978,Sawah,1
0.021393512381599932,0.045793452976256484,0.05064483815465394,0.43438023603649834,0.17573663511967155,0.7911644719756067,-0.8092612791798359,117.6236315459528,4.09597776357008,Sawah,1
0.038226345557043157,0.08315517129377967,0.045044660188926736,0.48526658776256465,0.19537735642499782,0.8301183487165202,-0.7074161089825859,117.62398967410772,4.095782124381047,Sawah,1
0.025115723710618747,0.0711649063413779,0.033326468628243816,0.4283683803101473,0.16031645117262305,0.8556323661784061,-0.7150729860069732,117.62410915003137,4.0960764618393535,Sawah,1
0.021951547789558386,0.05654490124263246,0.02719192204002097,0.6311734045696407,0.1692284661551631,0.9173942501584135,-0.8355567430934746,117.62565550632662,4.097517023052293,Sawah,1
0.0484665661176,0.04317791751430118,0.04025691028421768,0.6193348383452453,0.15910212325826367,0.8779325261902389,-0.8696527668069881,117.62571017926449,4.097139803198024,Sawah,1
0.048968960992236785,0.05554911608578311,0.07657458223475115,0.4644854069287889,0.12342915853576535,0.7169447298237733,-0.7863622247812231,117.62575621185323,4.096702477284682,Sawah,1
0.04425192044349384,0.056259166101337355,0.03939217592124532,0.5649960115085448,0.18669425383138064,0.8696446702206384,-0.8188841636383191,117.62361139095752,4.0964172335215405,Sawah,1
0.02913841307520112,0.0764803089169032,0.051127437304601966,0.604305550050304,0.1336926834929027,0.8439875310374555,-0.7753164359461081,117.62377094517035,4.09673722125077,Sawah,1
0.022930163420191517,0.07187787356776065,0.06218113753371067,0.5388002028998656,0.10291791597177447,0.7930666731776178,-0.7645952634122347,117.62473044774946,4.097740733161753,Sawah,1
0.04052699079536471,0.08436063712881632,0.04181777614275764,0.5324126445890016,0.17745667550886013,0.8543504425812596,-0.7264440505078886,117.62014909262052,4.091286814028647,Sawah,1
0.03320457481218804,0.06361074625809746,0.07830692496325764,0.46046307272511294,0.12125328152884587,0.709310912060076,-0.7572436455484982,117.62059337528049,4.091130552371191,Sawah,1
0.023661147045343365,0.04597971229691508,0.07774683769652667,0.42327569195147485,0.21285503012234971,0.6896459623317541,-0.8040294735217869,117.6210095090914,4.090959151819189,Sawah,1
0.03485530730333811,0.07566223936114974,0.03510693774952185,0.6243039394883317,0.21447142924031048,0.8935189402514858,-0.783810608133042,117.62178643545123,4.090654660889967,Sawah,1
0.02103165563345655,0.07803925243084486,0.04983491035354312,0.6251045142908327,0.20978372682645383,0.8523264912460939,-0.7780265000202015,117.6221588456379,4.0905073129615825,Sawah,1
0.04727961206236346,0.06806385987847481,0.03805269858900618,0.558275364318317,0.14441904403065334,0.872375166813159,-0.7826601030909058,117.62141211390497,4.090776974654044,Sawah,1
0.02776339944800051,0.07854835899772805,0.037090429662648056,0.4847574477621752,0.1018547939834641,0.8578480044043351,-0.7211151789571478,117.62279993367768,4.090264992575958,Sawah,1
0.03987566853061946,0.06468977981821954,0.02221321684127197,0.48730239365316524,0.21139822751052706,0.9128047393009792,-0.7656120295423433,117.62354005718443,4.089966424477452,Sawah,1
0.02935133228268233,0.0661366414690997,0.056573860038793805,0.5814889197175599,0.1513820977980777,0.8226686364789523,-0.7957553150756657,117.62416201889204,4.089716581850757,Sawah,1
0.03560204063533433,0.06137705091792748,0.05016074139373169,0.6242775649881442,0.21599857828524036,0.8512505397621952,-0.8209668250530727,117.62468719234992,4.089235319699434,Sawah,1
0.03640130838029839,0.04127095633720476,0.023088725074999362,0.6217716060662793,0.21563439725071035,0.9283901081984992,-0.8755090655353057,117.62525666138895,4.088823685899075,Sawah,1
0.025545633665765812,0.04539457134966522,0.03671878785419669,0.594968886464406,0.2023611346560832,0.8837424530563082,-0.8582211401781278,117.62582447749898,4.088379390577263,Sawah,1
0.12944488920695857,0.12516817211686077,0.2104390762012123,0.19443734163703055,0.36657203738911553,-0.03952241804351455,-0.21673265887662596,117.62645681440308,4.100029518261381,Non-Sawah,0
0.13850977286019253,0.1731354631568148,0.2599085777663651,0.30635740693513935,0.33376063746037077,0.08202637699822593,-0.2778386796744161,117.62604573611297,4.09978493985841,Non-Sawah,0
0.1851136671516857,0.17406351216101065,0.23221710842665233,0.2507353321427,0.3136333013870465,0.038343703886272326,-0.18048928456497465,117.62701435669956,4.09945459353408,Non-Sawah,0
0.13169220051562777,0.18374299014982065,0.16281081979140016,0.2957040452550838,0.3859531577642104,0.28983342910110876,-0.2335207297506383,117.62622500396881,4.0991263,Non-Sawah,0
0.11694927466860926,0.19260913337226615,0.1498796246360602,0.22480694414428565,0.2666796223459227,0.19997279267129975,-0.07713582530830393,117.62546348393505,4.0986260045614165,Non-Sawah,0
0.15568012624583502,0.21758520794625347,0.2299386989488842,0.3053732519894681,0.3238937656436289,0.1409167346098284,-0.1678677809060092,117.62496641384602,4.098865121704988,Non-Sawah,0
0.1936154774160781,0.17163003483011952,0.14371158347582708,0.23448823502278282,0.25170304671511284,0.24002235613165235,-0.15477768443598044,117.62341293012616,4.098125809130889,Non-Sawah,0
0.16960297966749732,0.1522956472941246,0.22200858137828489,0.18151727120724176,0.32029909629911896,-0.10034353330293201,-0.08753866239102778,117.62468960717595,4.098249391581825,Non-Sawah,0
0.15700611700893652,0.19951861947687038,0.2716322337994941,0.3067534766986969,0.2584454913522756,0.060722769492665696,-0.21181227687563944,117.62382712524139,4.097625602932462,Non-Sawah,0
0.10971764937707686,0.14708322512620742,0.2205663849026231,0.1927801347500587,0.2678226874402108,-0.06722249156330244,-0.1344563155739192,117.62304511065913,4.097243156167772,Non-Sawah,0
0.161500722669917,0.1638971420705636,0.19434378966891308,0.22470390926265807,0.26762893701656576,0.07245009869056453,-0.15647567217794583,117.6233637325001,4.096926921980097,Non-Sawah,0
0.19900538501042633,0.12784563813422659,0.23006035058192947,0.3130086753871127,0.34738154531740956,0.15273964836702605,-0.42000863225145957,117.62126728723824,4.09613758927403,Non-Sawah,0
0.11400840152365241,0.12253507434154574,0.20415540466881235,0.3130850005712579,0.3619067318898135,0.21059720818732097,-0.43742127551531723,117.62096312816897,4.093348627695602,Non-Sawah,0
0.15183296523637368,0.2162648414677925,0.2163863505042309,0.26028130433726004,0.33750531476457396,0.0920869316393916,-0.09236538977714061,117.62299141579935,4.088109451982626,Non-Sawah,0
0.18773730719279555,0.20359801205122058,0.27180507322871356,0.2684572097037719,0.3943258822711813,-0.0061967259865779575,-0.13739718843535267,117.62565191319942,4.086527353535626,Non-Sawah,0
0.17407686177542045,0.1895974206093698,0.1940543692921084,0.24278237307696476,0.30623058692855565,0.11154714682067766,-0.12300489116123266,117.62193963542144,4.088761672687305,Non-Sawah,0
0.1697015740995268,0.16089529444142697,0.27456667893534803,0.22104950803772905,0.2928568129422791,-0.10798086164942892,-0.15749410834167993,117.62128608621146,4.088904170081789,Non-Sawah,0
0.17024840839871092,0.13732943200708458,0.26674908987384893,0.22601303635178824,0.38028986922841906,-0.08266863195321067,-0.24407650630205144,117.6207851121281,4.089056605124688,Non-Sawah,0
0.13594911512197552,0.1356437042671086,0.16741075887050152,0.2741525838507854,0.2835393757779179,0.2417356082750068,-0.3379936461263975,117.62014279207759,4.089272074355546,Non-Sawah,0
0.12935918442644934,0.14502428981645954,0.14971058212252317,0.2853324341212752,0.3944833809160917,0.31174282816189713,-0.32602678307016003,117.61950098682422,4.089013442729538,Non-Sawah,0
0.18093611554785138,0.17492266647061205,0.15410892019283975,0.2908210661216188,0.2518231712034725,0.3072659583932791,-0.2488453256485419,117.61915391383754,4.087896027404933,Non-Sawah,0
0.1810113394679181,0.19145959227000625,0.14255105559121697,0.29054653999123753,0.39548182400614584,0.34171314779025824,-0.2055715384467112,117.61938740915704,4.088171914085724,Non-Sawah,0
0.1867072318580104,0.18601973767177313,0.15322201450582998,0.19276885442681665,0.25647398679258643,0.11429991127532874,-0.01781758764186661,117.61989030265131,4.0875011190940596,Non-Sawah,0
0.19132405525564714,0.14799338969459427,0.23562094827829,0.24921884265836142,0.38367146705471067,0.028046102213887567,-0.2548390756373903,117.62017140844878,4.086968669347253,Non-Sawah,0
0.15113423988609379,0.2154865280663194,0.14996641078443207,0.1880582264023302,0.329155166362945,0.11268913190999194,0.06796825728003056,117.61873099765964,4.090357883957068,Non-Sawah,0
0.15015162946871996,0.19378969166957685,0.1846565882411266,0.256934043525323,0.3989447194178951,0.1636748753482329,-0.14009515547985543,117.61918851440475,4.089680448398296,Non-Sawah,0
0.17982951789667753,0.17543540525114007,0.25828254353572366,0.24181427019227278,0.26106948471030983,-0.03293010465430267,-0.1590862971536039,117.61861114820381,4.089169006102144,Non-Sawah,0
0.16499639307777653,0.1811720746234352,0.14325807100301563,0.30427858558616194,0.33307814266019814,0.3597921028820978,-0.25359169831569767,117.61970977719405,4.090244467124727,Non-Sawah,0
0.17019668772577035,0.16196000624277898,0.254025587562451,0.229128101757291,0.39539538034286487,-0.051531085914149885,-0.1717462699434217,117.62010375961576,4.089768663294519,Non-Sawah,0
0.17957926694361012,0.14477309895011575,0.179459668468276,0.1963893822998648,0.32846467662552237,0.045043798176929425,-0.15129486649811819,117.62068664714633,4.08957665540126,Non-Sawah,0
0.18900053418175664,0.15559726786512615,0.1565430758670319,0.20001883548739702,0.3444097957202894,0.1219301229486248,-0.12491403592092078,117.62122503907204,4.08937824770201,Non-Sawah,0
0.13379951568515358,0.1957846110464369,0.2375432031509811,0.28661148844044615,0.3543623033476926,0.09361395111533609,-0.18828238704299866,117.62179729601061,4.089235082044272,Non-Sawah,0
0.1375582952639944,0.12143934886297558,0.2280519985491838,0.26655052886427655,0.31818115971516603,0.07783715275226936,-0.3740066798769184,117.62265419968303,4.089104393488728,Non-Sawah,0
0.1093981939840869,0.13160726405069162,0.26284608189378744,0.19415717465719062,0.34413371201260956,-0.15030255463043962,-0.1920090444664643,117.62300423646863,4.08867110479124,Non-Sawah,0
0.15782801409961741,0.12460026420217526,0.24290994613254402,0.19177495285609963,0.3376471467884651,-0.11763665072968081,-0.21232534252582944,117.62346490181633,4.088419875806451,Non-Sawah,0
0.10359422737967422,0.12407288023189701,0.2524873302538788,0.2781356784042768,0.3851737015736484,0.0483361998927595,-0.3830411159167408,117.62394382849612,4.08802854309532,Non-Sawah,0
0.14655980181324602,0.20554605840110074,0.17948484015998292,0.1901868208909871,0.2568169570512187,0.028949884204524927,0.03881203584992308,117.62442998382785,4.087603629017209,Non-Sawah,0
0.15426446347075767,0.19036578593800235,0.16484153612916122,0.2950604083006499,0.29214447843883457,0.28314424542972727,-0.21567523122978596,117.62480622381099,4.08740284298823,Non-Sawah,0
0.12865412521282846,0.1674173829087325,0.2450860652297202,0.27887391180190946,0.3925617226114838,0.0644854255437225,-0.24973885996719009,117.62378279108974,4.087400355516155,Non-Sawah,0
0.1590833260569011,0.12978341606510013,0.252956863497417,0.19138882928986595,0.3835395675836375,-0.13855855170508674,-0.1918136523379414,117.62430120619247,4.087040719900562,Non-Sawah,0
0.10305002499390495,0.16916158751168323,0.2786707198800943,0.19187727997192686,0.31834851291785693,-0.18445143850154258,-0.06291740748346814,117.6246666377701,4.086641780561108,Non-Sawah,0
0.10373481887492145,0.16734717707805657,0.19776647476759973,0.31812954099016455,0.3430198896702305,0.23330832035492993,-0.31058554965630675,117.6216431079611,4.098183133164347,Non-Sawah,0
0.18226005606596585,0.1373201869910015,0.19208253201098965,0.23239791140585686,0.2916071774471699,0.09497559909886794,-0.25716205851177976,117.62241586834898,4.098192785931708,Non-Sawah,0
0.1360190641411263,0.1633851649237973,0.24869781450387957,0.23188990058936473,0.2782181739585642,-0.03497359256813541,-0.17330858516979028,117.62233816402056,4.0986935779152045,Non-Sawah,0
0.11270605126518848,0.15985047343973735,0.18771249563542253,0.29379193941605036,0.3195547607409973,0.22030788451907704,-0.295257160537439,117.6222792573737,4.099206706101978,Non-Sawah,0
0.15222432600548044,0.18158500980522163,0.2703060255844991,0.3126148008337402,0.30300283420390794,0.07258053023886099,-0.2651347148927328,117.62294601160556,4.099081597522988,Non-Sawah,0
0.1769993553098611,0.18350936508676438,0.2601777852580217,0.31804014893520194,0.3375484167776308,0.10006999123595689,-0.2682297796280307,117.62794335473065,4.100081438880939,Non-Sawah,0
0.12158210274968433,0.12453040097720444,0.20005916383250258,0.28547294593625183,0.26166019554474773,0.17591752320337004,-0.3925386307990026,117.62286671630893,4.100217481501942,Non-Sawah,0
0.16228904758190005,0.1574612614626471,0.24512194949080965,0.2326763419743282,0.39615922114992497,-0.026047773068724862,-0.19279066426409575,117.61940465330187,4.091159809550487,Non-Sawah,0
0.1085347464993768,0.18258599157142363,0.24563600237185557,0.1916901003378136,0.39793161167194047,-0.1233536675403704,-0.024324515080387923,117.62404459276735,4.098368774373805,Non-Sawah,0
