date,NO2
2025-08-31,9.602475074643737e-06
2025-09-01,9.602475074643737e-06
2025-09-02,9.602475074643737e-06
2025-09-03,3.863241772705806e-06
2025-09-04,2.0621235989892743e-06
2025-09-05,2.610054252727421e-07
2025-09-06,2.3980023797776084e-06
2025-09-07,8.013473689061355e-07
2025-09-08,-7.953076419653371e-07
2025-09-09,3.163769633829361e-06
2025-09-10,7.062300937832333e-06
2025-09-11,3.160350388498045e-06
2025-09-12,8.246174274972873e-06
2025-09-13,1.33319981614477e-05
2025-09-14,3.895515874319244e-06
2025-09-15,2.300228743479238e-06
2025-09-16,3.3634029819040734e-06
2025-09-17,4.426577220328909e-06
2025-09-18,5.489751458753744e-06
2025-09-19,6.55292569717858e-06
2025-09-20,6.684473191853613e-06
2025-09-21,5.717720796383219e-06
2025-09-22,5.834484454680933e-06
2025-09-23,6.1470482251024805e-06
2025-09-24,6.895080787217012e-06
2025-09-25,1.2536801250462304e-06
2025-09-26,1.5062517775277229e-06
2025-09-27,1.7588234300092154e-06
2025-09-28,2.011395082490708e-06
2025-09-29,2.2639667349722004e-06
2025-09-30,5.610987500404008e-06
2025-10-01,5.308143499860307e-06
2025-10-02,7.6222991083341185e-06
2025-10-03,6.82023983245017e-06
2025-10-04,3.632157799415836e-06
2025-10-05,4.4407576638150214e-07
2025-10-06,6.10412915117801e-06
2025-10-07,1.1764182535974518e-05
2025-10-08,1.2678126111609345e-05
2025-10-09,1.3592069687244171e-05
2025-10-10,9.75990345371732e-06
2025-10-11,5.9277372201904655e-06
2025-10-12,5.149165190232452e-06
2025-10-13,1.0738692253653426e-05
2025-10-14,1.0560100918155513e-06
2025-10-15,8.769749911152758e-06
2025-10-16,3.884196303260978e-06
2025-10-17,1.122348021453945e-05
2025-10-18,5.00540363645996e-06
2025-10-19,7.713849299761932e-06
2025-10-20,4.269527835276676e-06
2025-10-21,8.252063707914203e-07
2025-10-22,9.235620382241905e-06
2025-10-23,9.021021166214874e-06
2025-10-24,8.806421950187845e-06
2025-10-25,8.591822734160814e-06
2025-10-26,8.998615612654248e-06
2025-10-27,9.405408491147682e-06
2025-10-28,9.812201369641116e-06
2025-10-29,1.0218994248134548e-05
2025-10-30,1.0625787126627982e-05
2025-10-31,1.1032580005121416e-05
2025-11-01,9.525715540803503e-06
2025-11-02,8.162679478118662e-06
2025-11-03,6.79964341543382e-06
2025-11-04,6.550588523168699e-06
2025-11-05,6.3015336309035774e-06
2025-11-06,1.2401545973261818e-05
2025-11-07,9.38435459829634e-06
2025-11-08,7.749144970148336e-06
2025-11-09,6.48130207991926e-06
2025-11-10,5.213459189690184e-06
2025-11-11,3.945616299461108e-06
2025-11-12,5.284430244500982e-06
2025-11-13,4.6212585402827244e-06
2025-11-14,4.103514811504283e-06
2025-11-15,3.5857710827258416e-06
2025-11-16,-3.503345169519889e-07
2025-11-17,1.1929215361305978e-05
2025-11-18,9.485433110967278e-06
2025-11-19,1.047844610487422e-06
2025-11-20,3.5263709732033835e-06
2025-11-21,6.004897335919345e-06
2025-11-22,8.483423698635306e-06
2025-11-23,6.824346655776026e-06
2025-11-24,2.359463678658358e-06
2025-11-25,-9.818282933338196e-07
2025-11-26,1.0300484518666051e-06
2025-11-27,3.0419251970670302e-06
2025-11-28,5.053801942267455e-06
2025-11-29,7.058352821331938e-06
2025-11-30,9.06290370039642e-06
2025-12-01,8.508005976182176e-06
2025-12-02,7.953108251967933e-06
2025-12-03,5.403683189797448e-06
2025-12-04,8.099672413663939e-06
2025-12-05,4.01339866584749e-06
2025-12-06,-7.287508196895942e-08
2025-12-07,3.231564733141568e-06
2025-12-08,6.536004548252095e-06
2025-12-09,5.817742021463346e-06
2025-12-10,5.1707515922316816e-06
2025-12-11,5.677861281583319e-06
2025-12-12,4.440743509803724e-06
2025-12-13,3.203625738024129e-06
2025-12-14,4.510742087404651e-06
2025-12-15,5.817858436785173e-06
2025-12-16,6.513858958593725e-06
2025-12-17,7.209859480402277e-06
2025-12-18,7.90586000221083e-06
2025-12-19,1.4346993566505262e-06
2025-12-20,2.5347534574393648e-06
2025-12-21,3.6348075582282034e-06
2025-12-22,4.734861659017042e-06
2025-12-23,5.834915759805881e-06
2025-12-24,6.93496986059472e-06
2025-12-25,9.960618626791984e-06
2025-12-26,1.470617553422926e-05
2025-12-27,7.886249704824877e-06
2025-12-28,1.066323875420494e-06
2025-12-29,6.973606105020735e-06
2025-12-30,6.81669359892112e-06
2025-12-31,6.659781092821504e-06
2026-01-01,6.502868586721888e-06
2026-01-02,6.3459560806222726e-06
2026-01-03,6.411022809515998e-06
2026-01-04,6.476089538409724e-06
2026-01-05,6.5411562673034496e-06
2026-01-06,6.606222996197175e-06
2026-01-07,2.4611618982817163e-06
2026-01-08,5.727873087835178e-06
2026-01-09,8.99458427738864e-06
2026-01-10,6.685219432256417e-06
2026-01-11,5.744444479205413e-06
2026-01-12,3.942187845495937e-06
2026-01-13,2.139931211786461e-06
2026-01-14,5.652363597619114e-06
2026-01-15,5.299873919284437e-06
2026-01-16,1.361212162009906e-05
2026-01-17,8.245168828580063e-06
2026-01-18,1.1410864317440428e-05
2026-01-19,6.9118759711273015e-06
2026-01-20,4.460482614376815e-06
2026-01-21,1.234730279975338e-05
2026-01-22,1.139261894422816e-05
2026-01-23,1.2258539754839148e-05
2026-01-24,1.3124460565450136e-05
2026-01-25,1.3990381376061125e-05
2026-01-26,1.2185155355837196e-05
2026-01-27,8.741110150367604e-06
2026-01-28,5.297064944898011e-06
2026-01-29,6.962047905290092e-06
2026-01-30,8.627030865682173e-06
2026-01-31,1.0292013826074252e-05
2026-02-01,1.1956996786466334e-05
2026-02-02,9.673111890151633e-06
2026-02-03,6.41576752968831e-06
2026-02-04,3.6766077755601145e-06
2026-02-05,2.011316837524646e-06
2026-02-06,1.786858628349819e-06
2026-02-07,1.562400419174992e-06
2026-02-08,1.337942210000165e-06
2026-02-09,1.113484000825338e-06
2026-02-10,8.890257916505107e-07
2026-02-11,6.645675824756836e-07
2026-02-12,4.401093733008566e-07
2026-02-13,2.156511641260296e-07
2026-02-14,-8.807045048797421e-09
2026-02-15,-2.3326525422362465e-07
2026-02-16,-3.459344100065209e-07
2026-02-17,-6.386010227288352e-07
2026-02-18,6.932457381481072e-06
2026-02-19,7.594422072543239e-06
2026-02-20,8.256386763605406e-06
2026-02-21,8.918351454667572e-06
2026-02-22,9.58031614572974e-06
2026-02-23,9.32499597183778e-06
2026-02-24,9.06967579794582e-06
2026-02-25,8.81435562405386e-06
2026-02-26,8.5590354501619e-06
2026-02-27,7.339474147253592e-06
2026-02-28,6.1199128443452846e-06
2026-03-01,4.900351541436976e-06
2026-03-02,4.091149548912654e-06
2026-03-03,6.748235364284483e-06
2026-03-04,9.405321179656312e-06
2026-03-05,1.4338303117256146e-05
2026-03-06,1.4413888493436389e-05
2026-03-07,1.448947386961663e-05
2026-03-08,1.4565059245796872e-05
2026-03-09,1.221194634126732e-05
2026-03-10,1.40315632961574e-05
2026-03-11,1.0260817134621902e-05
2026-03-12,6.490070973086404e-06
2026-03-13,8.021016810744186e-06
2026-03-14,9.551962648401968e-06
2026-03-15,1.0289904366800329e-05
2026-03-16,1.102784608519869e-05
2026-03-17,1.0135759718347495e-05
2026-03-18,9.243673351496303e-06
2026-03-19,8.35158698464511e-06
2026-03-20,1.151055494119646e-05
2026-03-21,1.1509494470374191e-05
2026-03-22,1.1758722394006328e-05
2026-03-23,9.261808600058432e-06
2026-03-24,6.764894806110533e-06
2026-03-25,6.891174052725546e-06
2026-03-26,1.42479420901509e-05
2026-03-27,1.0802844826685032e-05
2026-03-28,7.3577475632191636e-06
2026-03-29,8.981953669717768e-06
2026-03-30,1.0606159776216371e-05
2026-03-31,1.3813534678774886e-05
2026-04-01,1.0110424227605108e-05
2026-04-02,8.351534233952407e-06
2026-04-03,8.1668799793988e-06
2026-04-04,7.982225724845193e-06
2026-04-05,8.620683729532175e-06
2026-04-06,1.2030106518068353e-05
2026-04-07,6.004157967254287e-06
2026-04-08,1.0731695510912688e-05
2026-04-09,6.108596153353574e-06
2026-04-10,7.073639608279336e-06
2026-04-11,1.4213790564099328e-05
2026-04-12,7.792056749167386e-06
2026-04-13,7.979841939231846e-06
2026-04-14,8.167627129296307e-06
2026-04-15,1.2743294519168558e-05
2026-04-16,1.731896190904081e-05
2026-04-17,1.286120641452726e-05
2026-04-18,8.15924556718528e-06
2026-04-19,3.457284719843301e-06
2026-04-20,1.7376183677697554e-05
2026-04-21,1.2799420346709668e-05
2026-04-22,8.22265701572178e-06
2026-04-23,5.972086910333019e-06
2026-04-24,1.3117965863784777e-05
2026-04-25,1.0663941196753512e-07
2026-04-26,4.366926532384241e-06
2026-04-27,6.458527423092164e-06
2026-04-28,2.487456868038862e-06
2026-04-29,-4.673472631111508e-07
2026-04-30,2.191240696447494e-06
2026-05-01,4.849828656006139e-06
2026-05-02,6.9793336479051504e-06
2026-05-03,9.26972188608488e-06
2026-05-04,9.64141372605809e-06
2026-05-05,1.00131055660313e-05
2026-05-06,-3.815221134573221e-07
2026-05-07,5.806132321595214e-06
2026-05-08,5.066250650997972e-06
2026-05-09,2.188424787163968e-06
2026-05-10,4.179023562755901e-06
2026-05-11,1.426820062988554e-06
2026-05-12,2.2733234459337832e-06
2026-05-13,3.1198268288790128e-06
2026-05-14,8.398455975111574e-06
2026-05-15,5.93613333421672e-06
2026-05-16,3.473810693321866e-06
2026-05-17,2.7407627006444577e-06
2026-05-18,2.007714707967049e-06
2026-05-19,1.2746667152896407e-06
2026-05-20,2.03459705971909e-07
2026-05-21,6.417520808099653e-07
2026-05-22,6.789590315747773e-06
2026-05-23,9.530619422548624e-07
2026-05-24,1.3267255781101994e-05
2026-05-25,1.4105779882811476e-05
2026-05-26,1.4944303984520955e-05
2026-05-27,1.181347033707425e-05
2026-05-28,6.358383757287811e-07
2026-05-29,4.6963494639840064e-06
2026-05-30,8.756860552239232e-06
2026-05-31,1.477420846640598e-05
2026-06-01,1.3416225455229222e-05
2026-06-02,1.2058242444052465e-05
2026-06-03,1.0700259432875706e-05
2026-06-04,5.654610959027195e-06
2026-06-05,1.4064916285860818e-05
2026-06-06,4.267847998562502e-06
2026-06-07,9.720735761220569e-06
2026-06-08,1.0190855391556395e-05
2026-06-09,7.698534318478778e-06
2026-06-10,1.0527232916501816e-05
2026-06-11,5.9574244914983865e-06
2026-06-12,6.9593886564689456e-06
2026-06-13,7.961352821439505e-06
2026-06-14,8.299563887703698e-06
2026-06-15,8.637774953967892e-06
2026-06-16,8.975986020232085e-06
2026-06-17,5.873496320418781e-06
2026-06-18,2.892276825150475e-06
2026-06-19,4.805438493349357e-06
2026-06-20,8.44936312205391e-06
2026-06-21,1.3997511359775672e-05
2026-06-22,1.4006031960889231e-05
2026-06-23,1.4014552562002793e-05
2026-06-24,8.483445526508149e-06
2026-06-25,8.123824045469519e-06
2026-06-26,7.764202564430889e-06
2026-06-27,5.5131937415353605e-06
2026-06-28,3.262184918639832e-06
2026-06-29,9.73152054939419e-06
2026-06-30,1.1962158168898895e-05
2026-07-01,1.0738365972429165e-05
2026-07-02,9.514573775959434e-06
2026-07-03,8.290781579489703e-06
2026-07-04,7.066989383019973e-06
2026-07-05,1.0798111361509656e-05
2026-07-06,6.640714673267212e-06
2026-07-07,8.075583536992781e-06
2026-07-08,9.51045240071835e-06
2026-07-09,1.094532126444392e-05
2026-07-10,1.1041385732823985e-05
2026-07-11,1.1137450201204048e-05
2026-07-12,8.812018071087856e-06
2026-07-13,6.486585940971661e-06
2026-07-14,4.161153810855467e-06
2026-07-15,2.2330059437081218e-06
2026-07-16,1.2152876479376571e-05
2026-07-17,7.09722371539101e-06
2026-07-18,6.6150655584351625e-06
2026-07-19,8.67079802446824e-06
2026-07-20,1.0726530490501318e-05
2026-07-21,1.2050064924551409e-05
2026-07-22,1.3373599358601496e-05
2026-07-23,9.501049362370397e-06
2026-07-24,5.628499366139295e-06
2026-07-25,8.204890036722645e-06
2026-07-26,4.599038277319778e-06
2026-07-27,9.931865179169108e-07
2026-07-28,5.92491278439411e-06
2026-07-29,4.919367711408995e-06
2026-07-30,6.714431492582662e-06
2026-07-31,1.0610812751110645e-05
2026-08-01,6.9835627982683945e-06
2026-08-02,8.795064786681905e-06
2026-08-03,9.20601360121509e-06
2026-08-04,9.616962415748276e-06
2026-08-05,5.520134891412454e-06
2026-08-06,1.0805122656165622e-05
2026-08-07,8.97895370144397e-06
2026-08-08,7.415197160298703e-06
2026-08-09,5.851440619153436e-06
2026-08-10,4.287684078008169e-06
2026-08-11,2.7239275368629023e-06
2026-08-12,1.5068228094605727e-05
2026-08-13,-8.19540218799375e-07
2026-08-14,7.775102858431637e-06
2026-08-15,4.433079993759748e-06
2026-08-16,1.1638752766884863e-05
2026-08-17,7.5222783380013425e-06
2026-08-18,6.239131380425533e-06
2026-08-19,6.195102741912706e-06
2026-08-20,6.151074103399878e-06
2026-08-21,5.186558610148495e-06
2026-08-22,1.178864658868406e-05
2026-08-23,4.241097940393956e-06
2026-08-24,4.479290510062128e-06
2026-08-25,8.736699783185031e-06
2026-08-26,1.0114880751643796e-05
2026-08-27,8.718846174815553e-06
2026-08-28,7.322811597987311e-06
2026-08-29,1.0456552445248237e-05
2026-08-30,1.0456552445248237e-05
2026-08-31,1.0456552445248237e-05
