date,CO,NO2,SO2
2025-10-01,0.0264952350407838,5.308143499860307e-06,-3.233822280890308e-05
2025-10-02,0.023209124803543,7.6222991083341185e-06,4.195479050395079e-05
2025-10-03,0.0270562432706356,6.82023983245017e-06,2.584953790574218e-06
2025-10-04,0.02506150025874375,3.632157799415836e-06,7.1310358862319845e-06
2025-10-05,0.0230667572468519,4.4407576638150214e-07,1.167711798188975e-05
2025-10-07,0.02362161409109825,6.10412915117801e-06,-2.605958737450683e-05
2025-10-08,0.0241764709353446,1.1764182535974518e-05,-6.379629273090341e-05
2025-10-09,0.025036739185452368,1.7424235920771025e-05,-0.0001015329980873
2025-10-10,0.025897007435560133,1.3592069687244173e-05,-2.278182546431013e-05
2025-10-11,0.0267572756856679,9.75990345371732e-06,5.596934715867974e-05
2025-10-12,0.022046661004424,5.9277372201904655e-06,-5.741653512814082e-05
2025-10-13,0.0275314208120107,5.149165190232452e-06,9.747934200277086e-06
2025-10-14,0.02683791983872645,1.0738692253653426e-05,-1.6920890629990026e-05
2025-10-15,0.0261444188654422,1.0560100918155513e-06,3.639693750301376e-05
2025-10-16,0.0268016532063484,8.769749911152758e-06,-1.2231485015945507e-05
2025-10-17,0.0271526128053665,3.884196303260978e-06,-4.329568037064746e-05
2025-10-18,0.0270726960152387,1.122348021453945e-05,-1.6679892723914236e-05
2025-10-19,0.027854270612200034,5.00540363645996e-06,-6.331515760393813e-05
2025-10-20,0.028635845209161365,7.713849299761932e-06,-1.9909109141735826e-05
2025-10-21,0.0294174198061227,4.269527835276676e-06,2.349693932046648e-05
2025-10-22,0.0230663567781448,8.252063707914203e-07,1.067611538019264e-05
2025-10-23,0.02351481523364779,9.235620382241905e-06,5.18961351190228e-05
2025-10-24,0.023963273689150782,9.021021166214874e-06,8.867326869221141e-05
2025-10-25,0.02441173214465377,8.806421950187845e-06,0.0001254504022654
2025-10-26,0.024860190600156762,8.591822734160814e-06,-4.745925616589375e-05
2025-10-27,0.02530864905565975,9.079974188352934e-06,-2.8196255880175158e-05
2025-10-28,0.02575710751116274,9.568125642545054e-06,-8.933255594456567e-06
2025-10-29,0.02620556596666573,1.0056277096737174e-05,1.0329744691262027e-05
2025-10-30,0.02665402442216872,1.0544428550929296e-05,2.9592744976980614e-05
2025-10-31,0.02710248287767171,1.1032580005121416e-05,4.88557452626992e-05
2025-11-01,0.0275509413331747,9.525715540803503e-06,-2.233111263194587e-05
2025-11-02,0.0238407980650663,1.6599207810941152e-05,3.910741725121625e-05
2025-11-03,0.0275553278625011,6.79964341543382e-06,3.0005852750036865e-05
2025-11-04,0.02693649828433986,6.550588523168699e-06,5.608754690911155e-06
2025-11-05,0.02631766870617862,6.3015336309035774e-06,-1.8788343368214555e-05
2025-11-06,0.02569883912801738,1.2401545973261818e-05,-2.0170642528682947e-05
2025-11-07,0.02508000954985614,9.38435459829634e-06,-4.605672438628972e-05
2025-11-08,0.0244611799716949,7.749144970148336e-06,-2.043048880295828e-05
2025-11-09,0.026208927234013833,6.48130207991926e-06,-3.375391133886296e-05
2025-11-10,0.027956674496332767,5.213459189690184e-06,-4.7077333874767646e-05
2025-11-11,0.0297044217586517,3.945616299461108e-06,6.354603101499379e-05
2025-11-12,0.02895272802561515,5.284430244500982e-06,-3.394632221898064e-05
2025-11-13,0.0282010342925786,4.6212585402827244e-06,1.3353424947126769e-05
2025-11-14,0.0285828318446874,4.103514811504283e-06,2.9080608783260686e-06
2025-11-15,0.0289646293967962,3.5857710827258416e-06,9.635344031266868e-05
2025-11-16,0.0286363642662763,-3.503345169519889e-07,-1.019396495394176e-05
2025-11-17,0.0256856065243482,1.1929215361305978e-05,3.4315133234485984e-05
2025-11-18,0.0248836372047662,9.485433110967278e-06,6.617113740503555e-06
2025-11-19,0.02522275596857065,9.234930757884285e-06,2.3588175054101157e-05
2025-11-20,0.0255618747323751,8.984428404801292e-06,4.055923636769876e-05
2025-11-21,0.02590099349617955,8.7339260517183e-06,-8.771500870352611e-05
2025-11-22,0.026240112259984,8.483423698635306e-06,1.4456220014835708e-05
2025-11-23,0.0241386536508798,6.824346655776026e-06,-2.2184949557413347e-05
2025-11-24,0.0236498080193996,2.359463678658358e-06,-3.948299490730278e-05
2025-11-25,0.024268479086458652,-9.818282933338196e-07,4.834881474380381e-05
2025-11-26,0.024887150153517702,1.0300484518666053e-06,3.1180464551046797e-05
2025-11-27,0.02550582122057675,3.0419251970670302e-06,1.4012114358289786e-05
2025-11-28,0.0261244922876358,5.053801942267455e-06,-3.1562358344672248e-06
2025-11-29,0.02767179440706965,7.058352821331938e-06,6.756099537597038e-06
2025-11-30,0.0292190965265035,9.06290370039642e-06,1.66684349096613e-05
2025-12-01,0.02920833253301674,8.508005976182176e-06,-4.540782174444757e-05
2025-12-02,0.029197568539529976,7.953108251967933e-06,-4.339588485891e-05
2025-12-03,0.029186804546043214,5.403683189797448e-06,-2.1578460291493684e-05
2025-12-04,0.029176040552556452,8.099672413663939e-06,-1.5207663636829238e-05
2025-12-05,0.029165276559069687,7.708755447310978e-06,-3.483926366243395e-05
2025-12-06,0.029154512565582925,7.317838480958017e-06,-5.447086368803866e-05
2025-12-07,0.029143748572096163,6.926921514605056e-06,0.0001299817522522
2025-12-08,0.0291329845786094,6.536004548252095e-06,-1.1219150337637984e-06
2025-12-09,0.0286277309060096,5.817742021463346e-06,1.840803997765761e-05
2025-12-10,0.0288277752697467,5.1707515922316816e-06,4.318992523622001e-06
2025-12-11,0.0300584994256496,5.677861281583319e-06,-2.9698754588025625e-05
2025-12-12,0.029628734104335277,4.440743509803724e-06,-1.1211911214559226e-05
2025-12-13,0.029198968783020952,3.203625738024129e-06,7.274932158907177e-06
2025-12-14,0.028769203461706624,4.510742087404651e-06,-6.0175480030011386e-05
2025-12-15,0.0283394381403923,5.817858436785173e-06,-2.381661943218205e-05
2025-12-16,0.0281531736254692,6.513858958593725e-06,1.2542241165647283e-05
2025-12-17,0.027966909110546098,7.209859480402277e-06,4.890110176347662e-05
2025-12-18,0.027780644595623,7.90586000221083e-06,8.525996236130595e-05
2025-12-19,0.0275943800806999,1.4346993566505262e-06,-2.1290195945766754e-05
2025-12-20,0.027923727408051466,2.5347534574393648e-06,-3.6374767660163343e-06
2025-12-21,0.028253074735403033,3.6348075582282034e-06,-8.973027433967218e-05
2025-12-22,0.0285824220627546,4.734861659017042e-06,-7.991876191226766e-05
2025-12-23,0.028911769390106166,5.834915759805881e-06,-4.010482371086255e-05
2025-12-24,0.029241116717457733,6.93496986059472e-06,-2.908855094574392e-07
2025-12-25,0.0295704640448093,9.960618626791984e-06,-2.875203063013032e-05
2025-12-26,0.026563799008727,1.470617553422926e-05,3.695310442708433e-05
2025-12-27,0.026277834859987033,7.886249704824877e-06,-0.0001232692447956
2025-12-28,0.02599187071124707,1.066323875420494e-06,3.931055107386783e-05
2025-12-29,0.0257059065625071,6.973606105020735e-06,7.384697528323159e-05
2025-12-30,0.025419942413767133,6.81669359892112e-06,4.250723092506329e-05
2025-12-31,0.025133978265027168,6.659781092821504e-06,1.1167486566894994e-05
2026-01-01,0.0248480141162872,6.502868586721888e-06,-2.0172257791273296e-05
2026-01-02,0.025735568876067767,6.3459560806222726e-06,7.803209882695228e-05
2026-01-03,0.026623123635848334,6.411022809515998e-06,4.862462265009526e-05
2026-01-04,0.0275106783956289,6.476089538409724e-06,1.9217146473238245e-05
2026-01-05,0.027633399236947277,6.5411562673034496e-06,-2.4470864445902407e-08
2026-01-06,0.027756120078265653,6.606222996197175e-06,-1.926608820213005e-05
2026-01-07,0.027878840919584025,2.4611618982817163e-06,-9.991162490526525e-06
2026-01-08,0.0280015617609024,-1.683899199633743e-06,-7.16236778923001e-07
2026-01-09,0.0264129415154457,8.99458427738864e-06,8.558688932680525e-06
2026-01-10,0.0287429578602314,6.685219432256417e-06,1.34891788547975e-05
2026-01-11,0.028094474226236323,5.744444479205413e-06,3.4224554838147014e-05
2026-01-12,0.02744599059224125,3.942187845495937e-06,-3.335013389005326e-05
2026-01-13,0.026797506958246176,2.139931211786461e-06,-5.050578329246491e-05
2026-01-14,0.0261490233242511,5.652363597619114e-06,-1.749234252201859e-05
2026-01-15,0.0262393504381179,5.299873919284437e-06,3.355096123414114e-05
2026-01-16,0.0303794164210557,1.361212162009906e-05,6.301311805145815e-05
2026-01-17,0.02845654822885985,8.245168828580063e-06,2.74069079750916e-05
2026-01-18,0.026533680036664,1.1410864317440428e-05,6.742378900526091e-05
2026-01-19,0.0266497917473316,6.9118759711273015e-06,-1.6678692190907896e-05
2026-01-20,0.0263755805790424,4.460482614376815e-06,-2.96842263196595e-05
2026-01-21,0.0331819765269756,1.234730279975338e-05,1.7958847820409574e-05
2026-01-22,0.0317319296300411,1.139261894422816e-05,-4.236656241118908e-05
2026-01-23,0.0281759779900312,1.2258539754839148e-05,-8.961350431491155e-06
2026-01-24,0.0296874893829226,1.3124460565450136e-05,-1.0548373211349826e-05
2026-01-25,0.031199000775814,1.3990381376061125e-05,-1.2135395991208496e-05
2026-01-26,0.0334733873605728,1.2185155355837196e-05,-5.753952063969337e-05
2026-01-27,0.03141628485172985,8.741110150367604e-06,2.2892761990078725e-05
2026-01-28,0.0293591823428869,5.297064944898011e-06,8.690864774507645e-07
2026-01-29,0.0281005954990784,6.962047905290092e-06,2.001131906581577e-05
2026-01-30,0.0268420086552699,8.627030865682173e-06,1.564368085382739e-05
2026-01-31,0.0255834218114614,1.0292013826074253e-05,1.1276042641839013e-05
2026-02-01,0.0298617295920848,1.1956996786466334e-05,-4.545183765003458e-05
2026-02-02,0.0287464372813701,9.673111890151633e-06,1.447204613214126e-05
2026-02-03,0.025848938152194,6.41576752968831e-06,-3.385619129403494e-05
2026-02-04,0.0232394654303789,3.6766077755601145e-06,-5.7271463447250426e-05
2026-02-05,0.0292631667107343,2.011316837524646e-06,-9.531266186968423e-06
2026-02-06,0.0241107009351253,1.786858628349819e-06,-2.924944556070841e-05
2026-02-07,0.024700874462723676,1.562400419174992e-06,-4.8967624934448395e-05
2026-02-08,0.025291047990322054,1.3379422100001647e-06,-6.868580430818838e-05
2026-02-09,0.02588122151792043,1.1134840008253377e-06,-8.840398368192837e-05
2026-02-10,0.026471395045518813,8.890257916505107e-07,-7.205111251096241e-05
2026-02-11,0.02706156857311719,6.645675824756834e-07,-5.569824133999646e-05
2026-02-12,0.027651742100715568,4.401093733008564e-07,7.119319343473762e-05
2026-02-13,0.028241915628313945,2.1565116412602939e-07,-8.658866863697767e-05
2026-02-14,0.028832089155912323,-8.807045048797845e-09,-4.4948925619792135e-05
2026-02-15,0.0294222626835107,-2.3326525422362465e-07,-3.3091826026065974e-06
2026-02-16,0.0263286028057336,-3.459344100065209e-07,-1.1379876241335296e-06
2026-02-17,0.0261644329875707,-6.386010227288352e-07,-1.5550740499747917e-05
2026-02-18,0.0260002631694078,6.932457381481072e-06,-6.906444468768314e-05
2026-02-19,0.025452517904341176,7.594422072543239e-06,5.5226577387657017e-05
2026-02-20,0.02490477263927455,8.256386763605406e-06,1.882003683325214e-05
2026-02-21,0.024357027374207925,8.918351454667572e-06,-1.7586503721152738e-05
2026-02-22,0.0238092821091413,9.58031614572974e-06,-5.399304427555762e-05
2026-02-23,0.02409023120999331,9.32499597183778e-06,-2.364208012295421e-05
2026-02-24,0.02437118031084532,9.06967579794582e-06,-2.625469096528832e-05
2026-02-25,0.02465212941169733,8.81435562405386e-06,-2.7684171072905883e-05
2026-02-26,0.02493307851254934,8.5590354501619e-06,-2.9113651180523448e-05
2026-02-27,0.02521402761340135,7.3394741472535925e-06,-1.7396804651070852e-05
2026-02-28,0.02549497671425336,6.1199128443452846e-06,-5.679958121618256e-06
2026-03-01,0.02577592581510537,4.900351541436976e-06,2.5486609956715256e-05
2026-03-02,0.02605687491595738,4.091149548912654e-06,9.77268282440491e-05
2026-03-03,0.02633782401680939,6.748235364284483e-06,-4.820733011001721e-05
2026-03-04,0.0266187731176614,9.405321179656312e-06,1.2919163054903038e-05
2026-03-05,0.027531365243097083,9.966646211978514e-06,-4.971004364049848e-05
2026-03-06,0.028443957368532766,1.0527971244300715e-05,-0.0001123392503359
2026-03-07,0.02935654949396845,1.1089296276622917e-05,-2.8546357498253637e-05
2026-03-08,0.03026914161940413,1.1650621308945117e-05,5.524653533939272e-05
2026-03-09,0.031181733744839814,1.221194634126732e-05,3.941726845368976e-06
2026-03-10,0.0320943258702755,1.40315632961574e-05,2.4921720978454687e-05
2026-03-11,0.0290879551321268,1.0260817134621902e-05,4.5837966657321275e-05
2026-03-12,0.0260815843939781,6.490070973086404e-06,6.675421233618786e-05
2026-03-13,0.0342667326331138,8.021016810744186e-06,8.767045801505446e-05
2026-03-14,0.03253355187674357,9.551962648401968e-06,-3.4550026612123474e-05
2026-03-15,0.030800371120373333,1.0289904366800329e-05,-2.4625749119877582e-05
2026-03-16,0.0290671903640031,1.102784608519869e-05,-1.470147162763169e-05
2026-03-17,0.0295462347567081,1.0135759718347495e-05,-1.109574016785094e-05
2026-03-18,0.0301097379997372,9.243673351496303e-06,-7.490008708070188e-06
2026-03-19,0.0306732412427663,8.35158698464511e-06,-3.884277248289436e-06
2026-03-20,0.0301106441766023,1.151055494119646e-05,-4.420398909132928e-05
2026-03-21,0.0274979788810014,1.1509494470374191e-05,-2.824739931384101e-05
2026-03-22,0.0348969362676143,1.1758722394006328e-05,-2.9268139769556e-05
2026-03-23,0.0323232086375355,9.26180860005843e-06,5.992295427859062e-06
2026-03-24,0.0297494810074567,6.764894806110533e-06,-2.817913991748356e-05
2026-03-25,0.032821737229824,6.891174052725546e-06,-9.424075869901571e-06
2026-03-26,0.0294108800590038,1.42479420901509e-05,-7.23187349649379e-06
2026-03-27,0.0324923433363437,1.0802844826685032e-05,-5.603683121080394e-06
2026-03-28,0.0283479616045951,7.3577475632191636e-06,-3.9754927456669975e-06
2026-03-29,0.02909442689269775,8.981953669717768e-06,-0.0001142138280556
2026-03-30,0.0298408921808004,1.0606159776216371e-05,7.980755071912427e-06
2026-03-31,0.0294748749583959,1.3813534678774886e-05,8.002015965757892e-05
2026-04-01,0.0270035825669765,1.0110424227605108e-05,-2.2138481654110365e-05
2026-04-02,0.0312913991510868,8.351534233952407e-06,5.499822691490408e-06
2026-04-03,0.03081689868122335,8.1668799793988e-06,6.427781045204028e-07
2026-04-04,0.0303423982113599,7.982225724845193e-06,-4.214266482449602e-06
2026-04-05,0.0277485344558954,8.620683729532175e-06,-3.735179006980616e-06
2026-04-06,0.0272284038364887,1.2030106518068353e-05,-6.546747317770496e-05
2026-04-07,0.027903314679861,6.004157967254287e-06,-8.879688721208367e-06
2026-04-08,0.026437260210514,1.0731695510912688e-05,-5.026065082347486e-06
2026-04-09,0.0297058764845132,6.108596153353574e-06,3.2094896596390754e-05
2026-04-10,0.0311565995216369,7.073639608279336e-06,-1.4682443179481195e-05
2026-04-11,0.0249938704073429,1.4213790564099328e-05,-4.3488438677741215e-05
2026-04-12,0.0295104496181011,7.792056749167386e-06,3.832567381323315e-05
2026-04-13,0.029993885196745375,7.979841939231846e-06,6.577777821803465e-05
2026-04-14,0.03047732077538965,8.167627129296307e-06,2.6337820600019768e-05
2026-04-15,0.030960756354033926,1.617322413949296e-05,-5.890593456570059e-06
2026-04-16,0.0314441919326782,1.731896190904081e-05,4.138213262194768e-05
2026-04-17,0.0296964813023805,1.286120641452726e-05,-0.000112262321636
2026-04-18,0.0322892405092716,8.15924556718528e-06,4.204606375424192e-05
2026-04-19,0.032239768654108034,3.457284719843301e-06,1.4127636859484484e-05
2026-04-20,0.032190296798944466,1.7376183677697554e-05,-4.940688950225776e-05
2026-04-21,0.0321408249437809,1.2799420346709667e-05,-0.000112941415864
2026-04-22,0.0333818197250366,8.22265701572178e-06,-0.0001108589131035
2026-04-23,0.0301150437444448,5.972086910333019e-06,9.392898391524795e-06
2026-04-24,0.0296705877408385,1.3117965863784777e-05,-4.374116542749107e-06
2026-04-25,0.0292261317372322,1.0663941196753512e-07,-7.39587630960159e-05
2026-04-26,0.0314014703035354,4.366926532384241e-06,7.157194340834394e-05
2026-04-27,0.0279392432421445,6.458527423092164e-06,-8.677738151163794e-06
2026-04-28,0.0264696255326271,2.487456868038862e-06,5.488345777848736e-05
2026-04-29,0.027869937941431965,-4.673472631111508e-07,-1.4569232007488608e-06
2026-04-30,0.029270250350236834,-3.422151394261164e-06,-6.727607978973538e-05
2026-05-01,0.0306705627590417,4.849828656006139e-06,-6.261499947868288e-06
2026-05-02,0.0286335553973913,6.9793336479051504e-06,2.592543387436308e-05
2026-05-03,0.0257647540420293,9.26972188608488e-06,3.429492426221259e-05
2026-05-04,0.025527200661599574,9.64141372605809e-06,3.374506013642531e-05
2026-05-05,0.02528964728116985,1.00131055660313e-05,3.319519601063803e-05
2026-05-06,0.025052093900740126,-3.815221134573221e-07,-2.4769880837993696e-05
2026-05-07,0.0248145405203104,5.806132321595214e-06,-4.693947630585171e-05
2026-05-08,0.029007950797677,5.066250650997972e-06,-4.932070442009717e-05
2026-05-09,0.0266481544822454,2.188424787163968e-06,-3.744560217455728e-06
2026-05-10,0.0229603182524442,4.179023562755901e-06,3.079090311075561e-05
2026-05-11,0.0232940129935741,1.426820062988554e-06,1.127474843087839e-05
2026-05-12,0.0249454956501722,-2.158802317353548e-06,7.08229622432392e-05
2026-05-13,0.025221347276653528,3.1198268288790128e-06,0.0001303711760556
2026-05-14,0.025497198903134857,8.398455975111574e-06,1.5050729416550001e-05
2026-05-15,0.025773050529616186,5.93613333421672e-06,-0.0001002697172225
2026-05-16,0.026048902156097512,3.473810693321866e-06,-1.6494599549309987e-05
2026-05-18,0.02632475378257884,2.3742387043057533e-06,6.728051812388003e-05
2026-05-19,0.02660060540906017,1.2746667152896407e-06,8.831521699903533e-05
2026-05-20,0.0268764570355415,2.03459705971909e-07,4.0322956920135766e-05
2026-05-21,0.026580143719911548,6.417520808099653e-07,5.529572717932751e-06
2026-05-22,0.0262838304042816,6.789590315747773e-06,3.958289380534552e-05
2026-05-23,0.0260257869958877,9.530619422548624e-07,-7.601531251566485e-05
2026-05-24,0.0257677435874938,1.3267255781101994e-05,-5.874508133274503e-06
2026-05-25,0.0262306407094001,1.8075137631967664e-05,-0.0001009017723845
2026-05-26,0.026693537831306402,1.4944303984520957e-05,5.650860839523375e-05
2026-05-27,0.0271564349532127,1.181347033707425e-05,1.828704625950195e-05
2026-05-28,0.027619332075119,6.358383757287811e-07,-1.737419188430067e-05
2026-05-29,0.0257464107125997,4.6963494639840064e-06,2.899232640629634e-07
2026-05-30,0.0238734893500804,8.756860552239232e-06,1.79540384124266e-05
2026-05-31,0.0238734893500804,8.756860552239232e-06,0.0001046841789502
